h3,lat,lon,status,stored_lcoh_solar,stored_lcoh_wind,stored_lcoh_best,solar_lcoh,wind_lcoh,lcoh_delta_solar,lcoh_delta_wind,solar_cf,wind_cf,solar_c_electricityPv,solar_c_electricityWind,solar_c_electricityGrid,solar_c_electrolyzerCapex,solar_c_stackReplacements,solar_c_electrolyzerOpex,solar_c_water,wind_c_electricityPv,wind_c_electricityWind,wind_c_electricityGrid,wind_c_electrolyzerCapex,wind_c_stackReplacements,wind_c_electrolyzerOpex,wind_c_water,solar_util,wind_util,solar_ely_cf,wind_ely_cf,solar_flh,wind_flh,solar_operating_hours,wind_operating_hours,solar_stack_replacements,wind_stack_replacements,solar_curtail_frac,wind_curtail_frac,solar_lcoe_usd_mwh,wind_lcoe_usd_mwh,solar_lcoe_per_consumed,wind_lcoe_per_consumed,pv_provider,pv_dataset_version,pv_valid,pv_reasons,wind_provider,wind_dataset_version,wind_valid,wind_reasons,lcoh_wacc_2024,lcoh_optimal_2024,optimal_ratio,optimal_pv_share,engine_version
8372b3fffffffff,-3.5227,132.7800,ready,11.3690,26.8280,11.3690,11.3690,26.8281,-0.000034,0.000077,0.1421,0.0808,4.7099,0.0000,0.0000,5.9014,0.0000,0.7532,0.0045,0.0000,14.3620,0.0000,11.0511,0.0000,1.4105,0.0045,0.9587,0.9000,0.2725,0.1455,2387.1,1274.7,4376.0,4296.0,0,0,0.0413,0.1000,75.08,214.96,78.32,238.83,pvgis-seriescalc,pvgis-5.3-pvgis-era5-pv_fixed-tilt4a180-2014-2023/tmy-v1,true,"",open-meteo,om-era5-2015-2024-hub120-iec-class-III-5.6MW-airdensity/tmy-v1,true,"",,,,,0.1.0
8372f2fffffffff,-2.4081,139.7084,ready,11.2730,71.4800,11.2730,11.2731,71.4804,0.000088,0.000389,0.1444,0.0275,4.6702,0.0000,0.0000,5.8516,0.0000,0.7469,0.0045,0.0000,38.2699,0.0000,29.4474,0.0000,3.7585,0.0045,0.9513,0.9935,0.2748,0.0546,2407.4,478.4,4383.0,3369.0,0,0,0.0487,0.0065,73.88,632.30,77.66,636.41,pvgis-seriescalc,pvgis-5.3-pvgis-era5-pv_fixed-tilt2a180-2014-2023/tmy-v1,true,"",open-meteo,om-era5-2015-2024-hub120-iec-class-III-5.6MW-airdensity/tmy-v1,true,"",,,,,0.1.0
83728bfffffffff,-4.5763,138.8768,ready,15.4820,75.6530,15.4820,15.4819,75.6528,-0.000118,-0.000156,0.1031,0.0258,6.4144,0.0000,0.0000,8.0371,0.0000,1.0258,0.0045,0.0000,40.5040,0.0000,31.1664,0.0000,3.9780,0.0045,0.9700,1.0000,0.2001,0.0516,1752.7,452.0,4351.0,3897.0,0,0,0.0300,0.0000,103.47,673.56,106.67,673.56,pvgis-seriescalc,pvgis-5.3-pvgis-era5-pv_fixed-tilt5a180-2014-2023/tmy-v1,true,"",nasa-power,nasa-power-2015-2024-hub120-generic-5.6MW/tmy-v1,true,"",,,,,0.1.0
8372a2fffffffff,-1.3551,133.5891,ready,11.7440,,11.7440,11.7441,,0.000068,,0.1385,,4.8653,0.0000,0.0000,6.0961,0.0000,0.7781,0.0045,,,,,,,,0.9523,,0.2638,,2310.8,,4378.0,,0,,0.0477,,77.05,,80.91,,pvgis-seriescalc,pvgis-5.3-pvgis-era5-pv_fixed-tilt1a180-2014-2023/tmy-v1,true,"",,,,"",,,,,0.1.0
839cdcfffffffff,-7.4080,139.9380,ready,11.5320,19.7640,11.5320,11.5318,19.7636,-0.000216,-0.000425,0.1397,0.1000,4.7774,0.0000,0.0000,5.9859,0.0000,0.7640,0.0045,0.0000,10.5795,0.0000,8.1406,0.0000,1.0390,0.0045,0.9612,0.9877,0.2686,0.1975,2353.4,1730.5,4384.0,6013.0,0,0,0.0388,0.0123,76.36,173.77,79.45,175.93,pvgis-seriescalc,pvgis-5.3-pvgis-era5-pv_fixed-tilt7a180-2014-2023/tmy-v1,true,"",open-meteo,om-era5-2015-2024-hub120-iec-class-III-5.6MW-airdensity/tmy-v1,true,"",,,,,0.1.0
837280fffffffff,-3.1578,135.0802,ready,10.8230,63.2630,10.8230,10.8233,63.2628,0.000287,-0.000192,0.1550,0.0333,4.4837,0.0000,0.0000,5.6180,0.0000,0.7171,0.0045,0.0000,33.8701,0.0000,26.0618,0.0000,3.3264,0.0045,0.9232,0.9257,0.2862,0.0617,2507.5,540.5,4375.0,2601.0,0,0,0.0768,0.0743,68.84,521.41,74.56,563.24,pvgis-seriescalc,pvgis-5.3-pvgis-era5-pv_fixed-tilt3a180-2014-2023/tmy-v1,true,"",open-meteo,om-era5-2015-2024-hub120-iec-class-III-5.6MW-airdensity/tmy-v1,true,"",,,,,0.1.0
8372d6fffffffff,-4.3874,140.0316,ready,12.7430,,12.7430,12.7435,,0.000500,,0.1277,,5.2795,0.0000,0.0000,6.6151,0.0000,0.8443,0.0045,,,,,,,,0.9517,,0.2431,,2129.5,,4378.0,,0,,0.0483,,83.56,,87.80,,pvgis-seriescalc,pvgis-5.3-pvgis-era5-pv_fixed-tilt4a180-2014-2023/tmy-v1,true,"",,,,"",,,,,0.1.0
837286fffffffff,-3.3413,133.9281,ready,11.6990,,11.6990,11.6989,,-0.000051,,0.1385,,4.8466,0.0000,0.0000,6.0727,0.0000,0.7751,0.0045,,,,,,,,0.9559,,0.2648,,2319.7,,4377.0,,0,,0.0441,,77.04,,80.60,,pvgis-seriescalc,pvgis-5.3-pvgis-era5-pv_fixed-tilt3a180-2014-2023/tmy-v1,true,"",,,,"",,,,,0.1.0
83728cfffffffff,-2.7857,137.3921,ready,11.7410,,11.7410,11.7410,,0.000024,,0.1379,,4.8641,0.0000,0.0000,6.0946,0.0000,0.7779,0.0045,,,,,,,,0.9568,,0.2639,,2311.4,,4372.0,,0,,0.0432,,77.39,,80.89,,pvgis-seriescalc,pvgis-5.3-pvgis-era5-pv_fixed-tilt3a180-2014-2023/tmy-v1,true,"",,,,"",,,,,0.1.0
839cddfffffffff,-7.5945,138.7881,ready,11.0860,9.7350,9.4730,11.0856,9.7349,-0.000448,-0.000098,0.1461,0.2286,4.5924,0.0000,0.0000,5.7542,0.0000,0.7344,0.0045,0.0000,5.1234,0.0000,3.9423,0.1616,0.5032,0.0045,0.9564,0.8755,0.2795,0.4004,2448.1,3507.1,4439.0,6651.0,0,1,0.0436,0.1245,73.04,76.00,76.37,86.81,pvgis-seriescalc,pvgis-5.3-pvgis-era5-pv_fixed-tilt8a180-2014-2023/tmy-v1,true,"",open-meteo,om-era5-2015-2024-hub120-iec-class-III-5.6MW-airdensity/tmy-v1,true,"",,,,,0.1.0
837281fffffffff,-2.9726,136.2351,ready,11.9560,,11.9560,11.9556,,-0.000364,,0.1342,,4.9530,0.0000,0.0000,6.2060,0.0000,0.7921,0.0045,,,,,,,,0.9654,,0.2591,,2269.9,,4378.0,,0,,0.0346,,79.52,,82.37,,pvgis-seriescalc,pvgis-5.3-pvgis-era5-pv_fixed-tilt3a180-2014-2023/tmy-v1,true,"",,,,"",,,,,0.1.0
8372b5fffffffff,-1.5411,132.4390,ready,11.3380,,11.3380,11.3381,,0.000144,,0.1430,,4.6971,0.0000,0.0000,5.8853,0.0000,0.7512,0.0045,,,,,,,,0.9552,,0.2732,,2393.6,,4377.0,,0,,0.0448,,74.61,,78.11,,pvgis-seriescalc,pvgis-5.3-pvgis-era5-pv_fixed-tilt2a180-2014-2023/tmy-v1,true,"",,,,"",,,,,0.1.0
839cd8fffffffff,-6.5329,139.2015,ready,12.0010,28.4510,12.0010,12.0011,28.4511,0.000137,0.000068,0.1339,0.0694,4.9719,0.0000,0.0000,6.2296,0.0000,0.7951,0.0045,0.0000,15.2310,0.0000,11.7197,0.0000,1.4959,0.0045,0.9641,0.9882,0.2581,0.1372,2261.3,1202.0,4429.0,5021.0,0,0,0.0359,0.0118,79.71,250.29,82.68,253.28,pvgis-seriescalc,pvgis-5.3-pvgis-era5-pv_fixed-tilt7a180-2014-2023/tmy-v1,true,"",open-meteo,om-era5-2015-2024-hub120-iec-class-III-5.6MW-airdensity/tmy-v1,true,"",,,,,0.1.0
83728dfffffffff,-2.5974,138.5502,ready,11.8510,57.9540,11.8510,11.8508,57.9543,-0.000196,0.000307,0.1362,0.0356,4.9096,0.0000,0.0000,6.1516,0.0000,0.7852,0.0045,0.0000,31.0278,0.0000,23.8748,0.0000,3.0473,0.0045,0.9595,0.9447,0.2614,0.0674,2290.0,590.0,4410.0,2179.0,0,0,0.0405,0.0553,78.34,487.45,81.64,515.98,pvgis-seriescalc,pvgis-5.3-pvgis-era5-pv_fixed-tilt3a180-2014-2023/tmy-v1,true,"",open-meteo,om-era5-2015-2024-hub120-iec-class-III-5.6MW-airdensity/tmy-v1,true,"",,,,,0.1.0
8372d2fffffffff,-5.2740,140.7686,ready,13.2530,85.8220,13.2530,13.2527,85.8219,-0.000313,-0.000086,0.1211,0.0231,5.4906,0.0000,0.0000,6.8795,0.0000,0.8781,0.0045,0.0000,45.9488,0.0000,35.3560,0.0000,4.5127,0.0045,0.9653,0.9857,0.2338,0.0455,2047.7,398.4,4290.0,2546.0,0,0,0.0347,0.0143,88.14,753.20,91.31,764.11,pvgis-seriescalc,pvgis-5.3-pvgis-era5-pv_fixed-tilt5a180-2014-2023/tmy-v1,true,"",open-meteo,om-era5-2015-2024-hub120-iec-class-III-5.6MW-airdensity/tmy-v1,true,"",,,,,0.1.0
839cdefffffffff,-6.3447,140.3528,ready,12.4970,36.0370,12.4970,12.4965,36.0372,-0.000479,0.000204,0.1281,0.0549,5.1772,0.0000,0.0000,6.4869,0.0000,0.8280,0.0045,0.0000,19.2928,0.0000,14.8451,0.0000,1.8948,0.0045,0.9676,0.9873,0.2479,0.1083,2171.6,948.9,4347.0,4560.0,0,0,0.0324,0.0127,83.31,316.76,86.09,320.83,pvgis-seriescalc,pvgis-5.3-pvgis-era5-pv_fixed-tilt6a180-2014-2023/tmy-v1,true,"",open-meteo,om-era5-2015-2024-hub120-iec-class-III-5.6MW-airdensity/tmy-v1,true,"",,,,,0.1.0
837288fffffffff,-3.6833,138.1354,ready,11.9940,27.2650,11.9940,11.9945,27.2650,0.000481,-0.000013,0.1365,0.0722,4.9691,0.0000,0.0000,6.2262,0.0000,0.7947,0.0045,0.0000,14.5959,0.0000,11.2311,0.0000,1.4335,0.0045,0.9463,0.9913,0.2583,0.1432,2262.5,1254.3,4406.0,6207.0,0,0,0.0537,0.0087,78.19,240.62,82.63,242.72,pvgis-seriescalc,pvgis-5.3-pvgis-era5-pv_fixed-tilt4a180-2014-2023/tmy-v1,true,"",nasa-power,nasa-power-2015-2024-hub120-generic-5.6MW/tmy-v1,true,"",,,,,0.1.0
839cc2fffffffff,-8.2754,140.6721,ready,10.7910,10.8520,10.2010,10.7908,10.8523,-0.000167,0.000344,0.1528,0.1992,4.4703,0.0000,0.0000,5.6011,0.0000,0.7149,0.0045,0.0000,5.7188,0.0000,4.4004,0.1670,0.5617,0.0045,0.9393,0.9034,0.2871,0.3599,2515.0,3152.6,4340.0,6733.0,0,1,0.0607,0.0966,69.83,87.24,74.34,96.57,pvgis-seriescalc,pvgis-5.3-pvgis-era5-pv_fixed-tilt8a180-2014-2023/tmy-v1,true,"",open-meteo,om-era5-2015-2024-hub120-iec-class-III-5.6MW-airdensity/tmy-v1,true,"",,,,,0.1.0
83728efffffffff,-3.8701,136.9792,ready,13.3880,,13.3880,13.3876,,-0.000433,,0.1201,,5.5465,0.0000,0.0000,6.9496,0.0000,0.8870,0.0045,,,,,,,,0.9637,,0.2314,,2027.0,,4366.0,,0,,0.0363,,88.89,,92.24,,pvgis-seriescalc,pvgis-5.3-pvgis-era5-pv_fixed-tilt4a180-2014-2023/tmy-v1,true,"",,,,"",,,,,0.1.0
837283fffffffff,-4.0549,135.8245,ready,12.5760,,12.5760,12.5758,,-0.000181,,0.1288,,5.2101,0.0000,0.0000,6.5281,0.0000,0.8332,0.0045,,,,,,,,0.9563,,0.2463,,2157.9,,4375.0,,0,,0.0437,,82.86,,86.64,,pvgis-seriescalc,pvgis-5.3-pvgis-era5-pv_fixed-tilt4a180-2014-2023/tmy-v1,true,"",,,,"",,,,,0.1.0
837289fffffffff,-3.4950,139.2920,ready,11.9300,,11.9300,11.9302,,0.000173,,0.1357,,4.9425,0.0000,0.0000,6.1928,0.0000,0.7904,0.0045,,,,,,,,0.9566,,0.2597,,2274.7,,4400.0,,0,,0.0434,,78.62,,82.19,,pvgis-seriescalc,pvgis-5.3-pvgis-era5-pv_fixed-tilt3a180-2014-2023/tmy-v1,true,"",,,,"",,,,,0.1.0
839cdafffffffff,-5.4637,139.6160,ready,13.6520,75.1260,13.6520,13.6524,75.1263,0.000445,0.000318,0.1174,0.0261,5.6563,0.0000,0.0000,7.0871,0.0000,0.9046,0.0045,0.0000,40.2221,0.0000,30.9495,0.0000,3.9503,0.0045,0.9662,0.9956,0.2269,0.0520,1987.7,455.2,4387.0,3092.0,0,0,0.0338,0.0044,90.88,665.93,94.06,668.87,pvgis-seriescalc,pvgis-5.3-pvgis-era5-pv_fixed-tilt5a180-2014-2023/tmy-v1,true,"",open-meteo,om-era5-2015-2024-hub120-iec-class-III-5.6MW-airdensity/tmy-v1,true,"",,,,,0.1.0
8372d4fffffffff,-3.3052,140.4482,ready,12.2490,94.6190,12.2490,12.2493,94.6185,0.000266,-0.000472,0.1307,0.0207,5.0747,0.0000,0.0000,6.3585,0.0000,0.8116,0.0045,0.0000,50.6587,0.0000,38.9801,0.0000,4.9753,0.0045,0.9672,0.9967,0.2529,0.0413,2215.5,361.4,4366.0,2404.0,0,0,0.0328,0.0033,81.62,839.61,84.39,842.43,pvgis-seriescalc,pvgis-5.3-pvgis-era5-pv_fixed-tilt3a180-2014-2023/tmy-v1,true,"",open-meteo,om-era5-2015-2024-hub120-iec-class-III-5.6MW-airdensity/tmy-v1,true,"",,,,,0.1.0
83728afffffffff,-4.7632,137.7218,ready,13.4340,88.3250,13.4340,13.4339,88.3250,-0.000124,0.000007,0.1194,0.0221,5.5657,0.0000,0.0000,6.9736,0.0000,0.8901,0.0045,0.0000,47.2890,0.0000,36.3872,0.0000,4.6443,0.0045,0.9658,0.9997,0.2306,0.0442,2020.0,387.1,4380.0,4368.0,0,0,0.0342,0.0003,89.39,786.17,92.55,786.39,pvgis-seriescalc,pvgis-5.3-pvgis-era5-pv_fixed-tilt5a180-2014-2023/tmy-v1,true,"",nasa-power,nasa-power-2015-2024-hub120-generic-5.6MW/tmy-v1,true,"",,,,,0.1.0
838cd5fffffffff,-2.3131,101.1419,ready,11.2150,80.9440,11.2150,11.2155,80.9439,0.000481,-0.000106,0.1476,0.0241,4.6463,0.0000,0.0000,5.8217,0.0000,0.7431,0.0045,0.0000,43.3369,0.0000,33.3463,0.0000,4.2562,0.0045,0.9360,1.0000,0.2762,0.0482,2419.8,422.4,4401.0,4272.0,0,0,0.0640,0.0000,72.32,720.67,77.27,720.67,pvgis-seriescalc,pvgis-5.3-pvgis-era5-pv_fixed-tilt2a180-2014-2023/tmy-v1,true,"",nasa-power,nasa-power-2015-2024-hub120-generic-5.6MW/tmy-v1,true,"",,,,,0.1.0
839cdbfffffffff,-5.6511,138.4626,ready,12.7130,51.6830,12.7130,12.7128,51.6829,-0.000198,-0.000084,0.1258,0.0383,5.2668,0.0000,0.0000,6.5992,0.0000,0.8423,0.0045,0.0000,27.6699,0.0000,21.2910,0.0000,2.7175,0.0045,0.9684,0.9861,0.2437,0.0755,2134.7,661.6,4423.0,3812.0,0,0,0.0316,0.0139,84.81,453.75,87.58,460.14,pvgis-seriescalc,pvgis-5.3-pvgis-era5-pv_fixed-tilt6a180-2014-2023/tmy-v1,true,"",open-meteo,om-era5-2015-2024-hub120-iec-class-III-5.6MW-airdensity/tmy-v1,true,"",,,,,0.1.0
839423fffffffff,-9.6673,124.1579,ready,9.6630,48.0040,9.6630,9.6627,48.0035,-0.000271,-0.000477,0.1823,0.0437,3.9363,0.0000,0.0000,4.9320,0.1605,0.6295,0.0045,0.0000,25.6999,0.0000,19.7751,0.0000,2.5240,0.0045,0.8871,0.9296,0.3235,0.0813,2833.5,712.4,4411.0,3285.0,1,0,0.1129,0.0704,58.54,397.29,65.98,427.38,pvgis-seriescalc,pvgis-5.3-pvgis-era5-pv_fixed-tilt10a180-2014-2023/tmy-v1,true,"",open-meteo,om-era5-2015-2024-hub120-iec-class-III-5.6MW-airdensity/tmy-v1,true,"",,,,,0.1.0
8368b6fffffffff,0.2898,110.9915,ready,11.4450,93.2700,11.4450,11.4448,93.2702,-0.000198,0.000188,0.1410,0.0210,4.7413,0.0000,0.0000,5.9407,0.0000,0.7583,0.0045,0.0000,49.9367,0.0000,38.4246,0.0000,4.9044,0.0045,0.9602,0.9953,0.2707,0.0419,2371.3,366.6,4353.0,2730.0,0,0,0.0398,0.0047,75.71,826.48,78.85,830.42,pvgis-seriescalc,pvgis-5.3-pvgis-era5-pv_fixed-tilt0a0-2014-2023/tmy-v1,true,"",open-meteo,om-era5-2015-2024-hub120-iec-class-III-5.6MW-airdensity/tmy-v1,true,"",,,,,0.1.0
836891fffffffff,-1.7466,114.1809,ready,11.0960,95.5300,11.0960,11.0964,95.5304,0.000394,0.000413,0.1457,0.0205,4.5969,0.0000,0.0000,5.7598,0.0000,0.7352,0.0045,0.0000,51.1469,0.0000,39.3558,0.0000,5.0232,0.0045,0.9584,0.9956,0.2792,0.0409,2445.7,357.9,4331.0,2752.0,0,0,0.0416,0.0044,73.26,846.83,76.44,850.55,pvgis-seriescalc,pvgis-5.3-pvgis-era5-pv_fixed-tilt2a180-2014-2023/tmy-v1,true,"",open-meteo,om-era5-2015-2024-hub120-iec-class-III-5.6MW-airdensity/tmy-v1,true,"",,,,,0.1.0
8368aafffffffff,1.6673,116.1978,ready,11.3840,,11.3840,11.3840,,-0.000030,,0.1423,,4.7161,0.0000,0.0000,5.9091,0.0000,0.7542,0.0045,,,,,,,,0.9560,,0.2721,,2383.9,,4345.0,,0,,0.0440,,74.97,,78.43,,pvgis-seriescalc,pvgis-5.3-pvgis-era5-pv_fixed-tilt2a0-2014-2023/tmy-v1,true,"",,,,"",,,,,0.1.0
838ca9fffffffff,-4.3699,104.5990,ready,10.5320,35.0050,10.5320,10.5318,35.0049,-0.000192,-0.000071,0.1558,0.0591,4.3629,0.0000,0.0000,5.4666,0.0000,0.6977,0.0045,0.0000,18.7401,0.0000,14.4198,0.0000,1.8405,0.0045,0.9438,0.9435,0.2942,0.1115,2576.9,976.9,4379.0,4060.0,0,0,0.0562,0.0565,68.47,294.03,72.55,311.64,pvgis-seriescalc,pvgis-5.3-pvgis-era5-pv_fixed-tilt4a180-2014-2023/tmy-v1,true,"",open-meteo,om-era5-2015-2024-hub120-iec-class-III-5.6MW-airdensity/tmy-v1,true,"",,,,,0.1.0
838cf4fffffffff,-4.6625,103.5034,ready,10.7030,42.2980,10.7030,10.7034,42.2980,0.000351,0.000049,0.1544,0.0500,4.4340,0.0000,0.0000,5.5557,0.0000,0.7091,0.0045,0.0000,22.6450,0.0000,17.4245,0.0000,2.2240,0.0045,0.9376,0.9220,0.2895,0.0923,2535.6,808.5,4377.0,3412.0,0,0,0.0624,0.0780,69.13,347.21,73.74,376.58,pvgis-seriescalc,pvgis-5.3-pvgis-era5-pv_fixed-tilt5a180-2014-2023/tmy-v1,true,"",open-meteo,om-era5-2015-2024-hub120-iec-class-III-5.6MW-airdensity/tmy-v1,true,"",,,,,0.1.0
836885fffffffff,1.3981,115.1772,ready,11.7670,,11.7670,11.7670,,-0.000032,,0.1361,,4.8748,0.0000,0.0000,6.1080,0.0000,0.7796,0.0045,,,,,,,,0.9671,,0.2633,,2306.3,,4330.0,,0,,0.0329,,78.40,,81.07,,pvgis-seriescalc,pvgis-5.3-pvgis-era5-pv_fixed-tilt1a0-2014-2023/tmy-v1,true,"",,,,"",,,,,0.1.0
836525fffffffff,0.1659,102.8975,ready,11.3920,42.5120,11.3920,11.3922,42.5124,0.000218,0.000392,0.1403,0.0463,4.7195,0.0000,0.0000,5.9134,0.0000,0.7548,0.0045,0.0000,22.7598,0.0000,17.5129,0.0000,2.2353,0.0045,0.9692,0.9909,0.2719,0.0918,2382.2,804.4,4379.0,4379.0,0,0,0.0308,0.0091,76.06,375.05,78.48,378.48,pvgis-seriescalc,pvgis-5.3-pvgis-era5-pv_fixed-tilt0a0-2014-2023/tmy-v1,true,"",open-meteo,om-era5-2015-2024-hub120-iec-class-III-5.6MW-airdensity/tmy-v1,true,"",,,,,0.1.0
83652efffffffff,1.7960,101.2987,ready,10.7020,60.9340,10.7020,10.7021,60.9344,0.000109,0.000421,0.1519,0.0322,4.4335,0.0000,0.0000,5.5551,0.0000,0.7090,0.0045,0.0000,32.6234,0.0000,25.1026,0.0000,3.2040,0.0045,0.9528,0.9944,0.2895,0.0641,2535.9,561.2,4351.0,3795.0,0,0,0.0472,0.0056,70.25,539.48,73.73,542.51,pvgis-seriescalc,pvgis-5.3-pvgis-era5-pv_fixed-tilt2a0-2014-2023/tmy-v1,true,"",open-meteo,om-era5-2015-2024-hub120-iec-class-III-5.6MW-airdensity/tmy-v1,true,"",,,,,0.1.0
838cf0fffffffff,-3.8876,102.7225,ready,10.6890,31.4230,10.6890,10.6888,31.4231,-0.000217,0.000143,0.1554,0.0629,4.4280,0.0000,0.0000,5.5481,0.0000,0.7081,0.0045,0.0000,16.8223,0.0000,12.9442,0.0000,1.6521,0.0045,0.9329,0.9875,0.2898,0.1242,2539.0,1088.3,4373.0,5764.0,0,0,0.0671,0.0125,68.69,276.26,73.64,279.75,pvgis-seriescalc,pvgis-5.3-pvgis-era5-pv_fixed-tilt4a180-2014-2023/tmy-v1,true,"",nasa-power,nasa-power-2015-2024-hub120-generic-5.6MW/tmy-v1,true,"",,,,,0.1.0
83689efffffffff,-2.4985,114.8726,ready,10.9630,65.2620,10.9630,10.9626,65.2617,-0.000402,-0.000315,0.1487,0.0301,4.5415,0.0000,0.0000,5.6903,0.0000,0.7263,0.0045,0.0000,34.9403,0.0000,26.8853,0.0000,3.4315,0.0045,0.9505,0.9938,0.2826,0.0598,2475.6,524.0,4373.0,2864.0,0,0,0.0495,0.0062,71.79,577.45,75.52,581.04,pvgis-seriescalc,pvgis-5.3-pvgis-era5-pv_fixed-tilt2a180-2014-2023/tmy-v1,true,"",open-meteo,om-era5-2015-2024-hub120-iec-class-III-5.6MW-airdensity/tmy-v1,true,"",,,,,0.1.0
838cb4fffffffff,-2.6121,111.0570,ready,10.8420,29.0650,10.8420,10.8415,29.0651,-0.000478,0.000132,0.1507,0.0681,4.4913,0.0000,0.0000,5.6275,0.0000,0.7183,0.0045,0.0000,15.5598,0.0000,11.9727,0.0000,1.5281,0.0045,0.9481,0.9861,0.2858,0.1343,2503.3,1176.6,4351.0,4905.0,0,0,0.0519,0.0139,70.81,255.15,74.69,258.75,pvgis-seriescalc,pvgis-5.3-pvgis-era5-pv_fixed-tilt3a180-2014-2023/tmy-v1,true,"",open-meteo,om-era5-2015-2024-hub120-iec-class-III-5.6MW-airdensity/tmy-v1,true,"",,,,,0.1.0
836892fffffffff,-3.0778,112.8189,ready,10.4340,20.5550,10.4340,10.4340,20.5552,-0.000032,0.000243,0.1596,0.0992,4.3224,0.0000,0.0000,5.4158,0.0000,0.6913,0.0045,0.0000,11.0034,0.0000,8.4667,0.0000,1.0807,0.0045,0.9300,0.9569,0.2969,0.1899,2601.1,1663.8,4305.0,5582.0,0,0,0.0700,0.0431,66.85,175.10,71.88,182.98,pvgis-seriescalc,pvgis-5.3-pvgis-era5-pv_fixed-tilt3a180-2014-2023/tmy-v1,true,"",open-meteo,om-era5-2015-2024-hub120-iec-class-III-5.6MW-airdensity/tmy-v1,true,"",,,,,0.1.0
836521fffffffff,0.9780,102.1012,ready,11.4070,64.5810,11.4070,11.4072,64.5809,0.000172,-0.000099,0.1402,0.0303,4.7257,0.0000,0.0000,5.9212,0.0000,0.7558,0.0045,0.0000,34.5758,0.0000,26.6049,0.0000,3.3957,0.0045,0.9688,0.9966,0.2716,0.0604,2379.1,529.5,4376.0,3779.0,0,0,0.0312,0.0034,76.14,573.02,78.59,574.98,pvgis-seriescalc,pvgis-5.3-pvgis-era5-pv_fixed-tilt1a0-2014-2023/tmy-v1,true,"",open-meteo,om-era5-2015-2024-hub120-iec-class-III-5.6MW-airdensity/tmy-v1,true,"",,,,,0.1.0
836556fffffffff,4.8128,96.8877,ready,11.0620,,11.0620,11.0616,,-0.000369,,0.1510,,4.5825,0.0000,0.0000,5.7418,0.0000,0.7329,0.0045,,,,,,,,0.9275,,0.2801,,2453.4,,4424.0,,0,,0.0725,,70.68,,76.21,,pvgis-seriescalc,pvgis-5.3-pvgis-era5-pv_fixed-tilt5a0-2014-2023/tmy-v1,true,"",,,,"",,,,,0.1.0
838cd6fffffffff,-0.9311,102.5749,ready,11.4450,70.3120,11.4450,11.4445,70.3121,-0.000499,0.000118,0.1408,0.0278,4.7412,0.0000,0.0000,5.9406,0.0000,0.7582,0.0045,0.0000,37.6444,0.0000,28.9661,0.0000,3.6971,0.0045,0.9614,1.0000,0.2707,0.0555,2371.3,486.3,4377.0,3355.0,0,0,0.0386,0.0000,75.80,626.01,78.84,626.01,pvgis-seriescalc,pvgis-5.3-pvgis-era5-pv_fixed-tilt1a180-2014-2023/tmy-v1,true,"",open-meteo,om-era5-2015-2024-hub120-iec-class-III-5.6MW-airdensity/tmy-v1,true,"",,,,,0.1.0
8368abfffffffff,1.8729,117.2073,ready,11.3960,44.3310,11.3960,11.3964,44.3312,0.000442,0.000221,0.1411,0.0459,4.7213,0.0000,0.0000,5.9156,0.0000,0.7550,0.0045,0.0000,23.7336,0.0000,18.2622,0.0000,2.3309,0.0045,0.9631,0.9585,0.2718,0.0881,2381.3,771.4,4373.0,3522.0,0,0,0.0369,0.0415,75.62,378.29,78.51,394.68,pvgis-seriescalc,pvgis-5.3-pvgis-era5-pv_fixed-tilt2a0-2014-2023/tmy-v1,true,"",open-meteo,om-era5-2015-2024-hub120-iec-class-III-5.6MW-airdensity/tmy-v1,true,"",,,,,0.1.0
836886fffffffff,0.0691,113.8125,ready,11.6320,,11.6320,11.6317,,-0.000312,,0.1376,,4.8188,0.0000,0.0000,6.0378,0.0000,0.7706,0.0045,,,,,,,,0.9677,,0.2663,,2333.1,,4338.0,,0,,0.0323,,77.54,,80.13,,pvgis-seriescalc,pvgis-5.3-pvgis-era5-pv_fixed-tilt0a0-2014-2023/tmy-v1,true,"",,,,"",,,,,0.1.0
838caafffffffff,-3.0102,106.0150,ready,10.2440,13.0220,10.2440,10.2436,13.0219,-0.000408,-0.000145,0.1659,0.1714,4.1781,0.0000,0.0000,5.2351,0.1577,0.6682,0.0045,0.0000,6.8844,0.0000,5.2973,0.1596,0.6761,0.0045,0.9222,0.8820,0.3059,0.3023,2680.0,2648.5,4380.0,6333.0,1,1,0.0778,0.1180,64.34,101.39,69.76,114.95,pvgis-seriescalc,pvgis-5.3-pvgis-era5-pv_fixed-tilt3a180-2014-2023/tmy-v1,true,"",open-meteo,om-era5-2015-2024-hub120-iec-class-III-5.6MW-airdensity/tmy-v1,true,"",,,,,0.1.0
838c90fffffffff,0.8006,109.1767,ready,10.9840,50.5430,10.9840,10.9841,50.5429,0.000125,-0.000123,0.1493,0.0389,4.5504,0.0000,0.0000,5.7015,0.0000,0.7277,0.0045,0.0000,27.0595,0.0000,20.8213,0.0000,2.6576,0.0045,0.9444,0.9923,0.2820,0.0772,2470.7,676.6,4353.0,3586.0,0,0,0.0556,0.0077,71.46,446.54,75.67,449.99,pvgis-seriescalc,pvgis-5.3-pvgis-era5-pv_fixed-tilt1a0-2014-2023/tmy-v1,true,"",open-meteo,om-era5-2015-2024-hub120-iec-class-III-5.6MW-airdensity/tmy-v1,true,"",,,,,0.1.0
836893fffffffff,-2.7873,113.8507,ready,11.0330,46.6920,11.0330,11.0332,46.6921,0.000220,0.000104,0.1468,0.0419,4.5707,0.0000,0.0000,5.7270,0.0000,0.7310,0.0045,0.0000,24.9977,0.0000,19.2349,0.0000,2.4551,0.0045,0.9563,0.9980,0.2808,0.0836,2459.7,732.4,4320.0,3969.0,0,0,0.0437,0.0020,72.69,414.89,76.01,415.70,pvgis-seriescalc,pvgis-5.3-pvgis-era5-pv_fixed-tilt3a180-2014-2023/tmy-v1,true,"",open-meteo,om-era5-2015-2024-hub120-iec-class-III-5.6MW-airdensity/tmy-v1,true,"",,,,,0.1.0
838cd2fffffffff,-0.1256,101.7796,ready,11.1760,66.0880,11.1760,11.1762,66.0880,0.000181,0.000010,0.1444,0.0297,4.6300,0.0000,0.0000,5.8012,0.0000,0.7404,0.0045,0.0000,35.3827,0.0000,27.2258,0.0000,3.4750,0.0045,0.9596,0.9951,0.2772,0.0591,2428.3,517.4,4374.0,3612.0,0,0,0.0404,0.0049,73.88,585.54,76.99,588.40,pvgis-seriescalc,pvgis-5.3-pvgis-era5-pv_fixed-tilt0a180-2014-2023/tmy-v1,true,"",open-meteo,om-era5-2015-2024-hub120-iec-class-III-5.6MW-airdensity/tmy-v1,true,"",,,,,0.1.0
8368acfffffffff,3.5054,115.8460,ready,10.9190,88.0560,10.9190,10.9194,88.0560,0.000365,-0.000010,0.1511,0.0232,4.5236,0.0000,0.0000,5.6679,0.0000,0.7234,0.0045,0.0000,47.1449,0.0000,36.2764,0.0000,4.6302,0.0045,0.9388,0.9542,0.2837,0.0443,2485.4,388.3,4318.0,2249.0,0,0,0.0612,0.0458,70.62,748.08,75.22,784.00,pvgis-seriescalc,pvgis-5.3-pvgis-era5-pv_fixed-tilt4a0-2014-2023/tmy-v1,true,"",open-meteo,om-era5-2015-2024-hub120-iec-class-III-5.6MW-airdensity/tmy-v1,true,"",,,,,0.1.0
83652bfffffffff,2.3257,99.3578,ready,11.2480,58.2280,11.2480,11.2481,58.2276,0.000114,-0.000358,0.1446,0.0372,4.6598,0.0000,0.0000,5.8386,0.0000,0.7452,0.0045,0.0000,31.1741,0.0000,23.9874,0.0000,3.0617,0.0045,0.9524,0.9011,0.2754,0.0670,2412.7,587.3,4379.0,2268.0,0,0,0.0476,0.0989,73.80,467.15,77.49,518.41,pvgis-seriescalc,pvgis-5.3-pvgis-era5-pv_fixed-tilt2a0-2014-2023/tmy-v1,true,"",open-meteo,om-era5-2015-2024-hub120-iec-class-III-5.6MW-airdensity/tmy-v1,true,"",,,,,0.1.0
836894fffffffff,-1.2688,112.4386,ready,10.9950,87.1590,10.9950,10.9946,87.1592,-0.000385,0.000181,0.1480,0.0225,4.5547,0.0000,0.0000,5.7070,0.0000,0.7284,0.0045,0.0000,46.6648,0.0000,35.9069,0.0000,4.5830,0.0045,0.9519,0.9973,0.2818,0.0448,2468.4,392.3,4326.0,2684.0,0,0,0.0481,0.0027,72.10,773.95,75.74,776.01,pvgis-seriescalc,pvgis-5.3-pvgis-era5-pv_fixed-tilt1a180-2014-2023/tmy-v1,true,"",open-meteo,om-era5-2015-2024-hub120-iec-class-III-5.6MW-airdensity/tmy-v1,true,"",,,,,0.1.0
8368adfffffffff,3.7520,116.8648,ready,10.8940,,10.8940,10.8941,,0.000150,,0.1485,,4.5131,0.0000,0.0000,5.6548,0.0000,0.7218,0.0045,,,,,,,,0.9578,,0.2844,,2491.2,,4350.0,,0,,0.0422,,71.88,,75.05,,pvgis-seriescalc,pvgis-5.3-pvgis-era5-pv_fixed-tilt4a0-2014-2023/tmy-v1,true,"",,,,"",,,,,0.1.0
836895fffffffff,-0.9841,113.4802,ready,11.2650,,11.2650,11.2655,,0.000466,,0.1428,,4.6670,0.0000,0.0000,5.8476,0.0000,0.7464,0.0045,,,,,,,,0.9630,,0.2750,,2409.0,,4332.0,,0,,0.0370,,74.73,,77.61,,pvgis-seriescalc,pvgis-5.3-pvgis-era5-pv_fixed-tilt1a180-2014-2023/tmy-v1,true,"",,,,"",,,,,0.1.0
8368aefffffffff,2.4512,115.5111,ready,11.3490,,11.3490,11.3488,,-0.000185,,0.1431,,4.7015,0.0000,0.0000,5.8909,0.0000,0.7519,0.0045,,,,,,,,0.9540,,0.2730,,2391.3,,4321.0,,0,,0.0460,,74.58,,78.18,,pvgis-seriescalc,pvgis-5.3-pvgis-era5-pv_fixed-tilt2a0-2014-2023/tmy-v1,true,"",,,,"",,,,,0.1.0
836896fffffffff,-2.3219,112.1076,ready,10.9630,45.1970,10.9630,10.9629,45.1975,-0.000126,0.000462,0.1477,0.0435,4.5416,0.0000,0.0000,5.6905,0.0000,0.7263,0.0045,0.0000,24.1974,0.0000,18.6191,0.0000,2.3765,0.0045,0.9564,0.9923,0.2826,0.0864,2475.5,756.6,4302.0,4139.0,0,0,0.0436,0.0077,72.23,399.30,75.52,402.39,pvgis-seriescalc,pvgis-5.3-pvgis-era5-pv_fixed-tilt2a180-2014-2023/tmy-v1,true,"",open-meteo,om-era5-2015-2024-hub120-iec-class-III-5.6MW-airdensity/tmy-v1,true,"",,,,,0.1.0
838c94fffffffff,0.0061,109.9221,ready,11.4420,,11.4420,11.4418,,-0.000250,,0.1409,,4.7401,0.0000,0.0000,5.9392,0.0000,0.7580,0.0045,,,,,,,,0.9606,,0.2708,,2371.9,,4364.0,,0,,0.0394,,75.72,,78.82,,pvgis-seriescalc,pvgis-5.3-pvgis-era5-pv_fixed-tilt0a0-2014-2023/tmy-v1,true,"",,,,"",,,,,0.1.0
836880fffffffff,0.3469,114.8441,ready,11.2630,,11.2630,11.2634,,0.000437,,0.1423,,4.6662,0.0000,0.0000,5.8466,0.0000,0.7462,0.0045,,,,,,,,0.9662,,0.2751,,2409.5,,4354.0,,0,,0.0338,,74.97,,77.60,,pvgis-seriescalc,pvgis-5.3-pvgis-era5-pv_fixed-tilt0a0-2014-2023/tmy-v1,true,"",,,,"",,,,,0.1.0
8368b2fffffffff,-0.4943,111.7194,ready,11.2680,,11.2680,11.2680,,0.000025,,0.1435,,4.6681,0.0000,0.0000,5.8489,0.0000,0.7465,0.0045,,,,,,,,0.9578,,0.2749,,2408.5,,4320.0,,0,,0.0422,,74.35,,77.63,,pvgis-seriescalc,pvgis-5.3-pvgis-era5-pv_fixed-tilt0a180-2014-2023/tmy-v1,true,"",,,,"",,,,,0.1.0
83688dfffffffff,1.0249,117.8878,ready,11.2460,94.7810,11.2460,11.2462,94.7814,0.000228,0.000442,0.1437,0.0207,4.6590,0.0000,0.0000,5.8376,0.0000,0.7451,0.0045,0.0000,50.7459,0.0000,39.0472,0.0000,4.9838,0.0045,0.9587,0.9945,0.2755,0.0412,2413.1,360.8,4376.0,2668.0,0,0,0.0413,0.0055,74.28,839.23,77.48,843.88,pvgis-seriescalc,pvgis-5.3-pvgis-era5-pv_fixed-tilt1a0-2014-2023/tmy-v1,true,"",open-meteo,om-era5-2015-2024-hub120-iec-class-III-5.6MW-airdensity/tmy-v1,true,"",,,,,0.1.0
836881fffffffff,0.6216,115.8652,ready,11.0610,,11.0610,11.0605,,-0.000460,,0.1459,,4.5821,0.0000,0.0000,5.7412,0.0000,0.7328,0.0045,,,,,,,,0.9597,,0.2801,,2453.7,,4349.0,,0,,0.0403,,73.13,,76.20,,pvgis-seriescalc,pvgis-5.3-pvgis-era5-pv_fixed-tilt1a0-2014-2023/tmy-v1,true,"",,,,"",,,,,0.1.0
83689afffffffff,-3.2395,115.5554,ready,10.9050,28.8050,10.9050,10.9050,28.8053,-0.000000,0.000296,0.1493,0.0734,4.5176,0.0000,0.0000,5.6604,0.0000,0.7225,0.0045,0.0000,15.4207,0.0000,11.8657,0.0000,1.5145,0.0045,0.9514,0.9237,0.2841,0.1355,2488.7,1187.2,4418.0,4818.0,0,0,0.0486,0.0763,71.48,236.86,75.13,256.44,pvgis-seriescalc,pvgis-5.3-pvgis-era5-pv_fixed-tilt3a180-2014-2023/tmy-v1,true,"",open-meteo,om-era5-2015-2024-hub120-iec-class-III-5.6MW-airdensity/tmy-v1,true,"",,,,,0.1.0
838cb0fffffffff,-1.8443,110.3279,ready,11.3330,31.6430,11.3330,11.3335,31.6432,0.000496,0.000230,0.1431,0.0625,4.6952,0.0000,0.0000,5.8829,0.0000,0.7509,0.0045,0.0000,16.9402,0.0000,13.0349,0.0000,1.6637,0.0045,0.9549,0.9873,0.2734,0.1234,2394.6,1080.7,4382.0,4521.0,0,0,0.0451,0.0127,74.56,278.14,78.08,281.71,pvgis-seriescalc,pvgis-5.3-pvgis-era5-pv_fixed-tilt2a180-2014-2023/tmy-v1,true,"",open-meteo,om-era5-2015-2024-hub120-iec-class-III-5.6MW-airdensity/tmy-v1,true,"",,,,,0.1.0
8368b3fffffffff,-0.2114,112.7707,ready,11.4770,,11.4770,11.4772,,0.000172,,0.1400,,4.7547,0.0000,0.0000,5.9575,0.0000,0.7604,0.0045,,,,,,,,0.9639,,0.2699,,2364.6,,4352.0,,0,,0.0361,,76.21,,79.07,,pvgis-seriescalc,pvgis-5.3-pvgis-era5-pv_fixed-tilt0a180-2014-2023/tmy-v1,true,"",,,,"",,,,,0.1.0
83688efffffffff,-0.1852,116.5407,ready,11.3570,76.9690,11.3570,11.3571,76.9693,0.000150,0.000304,0.1417,0.0255,4.7050,0.0000,0.0000,5.8952,0.0000,0.7524,0.0045,0.0000,41.2088,0.0000,31.7088,0.0000,4.0472,0.0045,0.9624,0.9956,0.2728,0.0507,2389.6,444.3,4372.0,3207.0,0,0,0.0376,0.0044,75.30,682.23,78.24,685.28,pvgis-seriescalc,pvgis-5.3-pvgis-era5-pv_fixed-tilt0a180-2014-2023/tmy-v1,true,"",open-meteo,om-era5-2015-2024-hub120-iec-class-III-5.6MW-airdensity/tmy-v1,true,"",,,,,0.1.0
836882fffffffff,-0.7016,114.5120,ready,11.3030,,11.3030,11.3033,,0.000280,,0.1422,,4.6827,0.0000,0.0000,5.8672,0.0000,0.7489,0.0045,,,,,,,,0.9634,,0.2741,,2401.0,,4353.0,,0,,0.0366,,75.02,,77.87,,pvgis-seriescalc,pvgis-5.3-pvgis-era5-pv_fixed-tilt1a180-2014-2023/tmy-v1,true,"",,,,"",,,,,0.1.0
8368a8fffffffff,2.7144,116.5313,ready,10.9910,,10.9910,10.9909,,-0.000095,,0.1477,,4.5532,0.0000,0.0000,5.7050,0.0000,0.7282,0.0045,,,,,,,,0.9540,,0.2819,,2469.2,,4343.0,,0,,0.0460,,72.24,,75.72,,pvgis-seriescalc,pvgis-5.3-pvgis-era5-pv_fixed-tilt3a0-2014-2023/tmy-v1,true,"",,,,"",,,,,0.1.0
836883fffffffff,-0.4218,115.5335,ready,11.1500,,11.1500,11.1498,,-0.000234,,0.1445,,4.6190,0.0000,0.0000,5.7875,0.0000,0.7387,0.0045,,,,,,,,0.9616,,0.2779,,2434.0,,4368.0,,0,,0.0384,,73.86,,76.81,,pvgis-seriescalc,pvgis-5.3-pvgis-era5-pv_fixed-tilt0a180-2014-2023/tmy-v1,true,"",,,,"",,,,,0.1.0
83689cfffffffff,-1.4621,115.2026,ready,11.1870,,11.1870,11.1865,,-0.000465,,0.1447,,4.6343,0.0000,0.0000,5.8066,0.0000,0.7411,0.0045,,,,,,,,0.9567,,0.2769,,2426.0,,4374.0,,0,,0.0433,,73.73,,77.07,,pvgis-seriescalc,pvgis-5.3-pvgis-era5-pv_fixed-tilt1a180-2014-2023/tmy-v1,true,"",,,,"",,,,,0.1.0
838cb2fffffffff,-0.7795,110.6591,ready,11.3370,,11.3370,11.3371,,0.000057,,0.1425,,4.6967,0.0000,0.0000,5.8848,0.0000,0.7511,0.0045,,,,,,,,0.9590,,0.2733,,2393.8,,4367.0,,0,,0.0410,,74.90,,78.10,,pvgis-seriescalc,pvgis-5.3-pvgis-era5-pv_fixed-tilt1a180-2014-2023/tmy-v1,true,"",,,,"",,,,,0.1.0
838d92fffffffff,-3.5304,114.5436,ready,10.5240,22.5210,10.5240,10.5238,22.5214,-0.000173,0.000409,0.1582,0.0915,4.3596,0.0000,0.0000,5.4625,0.0000,0.6972,0.0045,0.0000,12.0561,0.0000,9.2768,0.0000,1.1840,0.0045,0.9302,0.9476,0.2944,0.1733,2578.9,1518.5,4347.0,5310.0,0,0,0.0698,0.0524,67.44,189.99,72.50,200.49,pvgis-seriescalc,pvgis-5.3-pvgis-era5-pv_fixed-tilt4a180-2014-2023/tmy-v1,true,"",open-meteo,om-era5-2015-2024-hub120-iec-class-III-5.6MW-airdensity/tmy-v1,true,"",,,,,0.1.0
836890fffffffff,-2.0333,113.1490,ready,11.0740,64.9400,11.0740,11.0740,64.9396,0.000010,-0.000410,0.1464,0.0302,4.5876,0.0000,0.0000,5.7482,0.0000,0.7337,0.0045,0.0000,34.7678,0.0000,26.7526,0.0000,3.4146,0.0045,0.9558,0.9967,0.2798,0.0601,2450.7,526.6,4312.0,3408.0,0,0,0.0442,0.0033,72.92,576.24,76.29,578.17,pvgis-seriescalc,pvgis-5.3-pvgis-era5-pv_fixed-tilt2a180-2014-2023/tmy-v1,true,"",open-meteo,om-era5-2015-2024-hub120-iec-class-III-5.6MW-airdensity/tmy-v1,true,"",,,,,0.1.0
8368a9fffffffff,2.9120,117.5444,ready,10.4360,,10.4360,10.4361,,0.000102,,0.1571,,4.3233,0.0000,0.0000,5.4169,0.0000,0.6914,0.0045,,,,,,,,0.9446,,0.2969,,2600.5,,4373.0,,0,,0.0554,,67.91,,71.89,,pvgis-seriescalc,pvgis-5.3-pvgis-era5-pv_fixed-tilt3a0-2014-2023/tmy-v1,true,"",,,,"",,,,,0.1.0
836884fffffffff,1.1255,114.1457,ready,11.4050,,11.4050,11.4049,,-0.000133,,0.1416,,4.7248,0.0000,0.0000,5.9200,0.0000,0.7556,0.0045,,,,,,,,0.9594,,0.2716,,2379.6,,4375.0,,0,,0.0406,,75.38,,78.57,,pvgis-seriescalc,pvgis-5.3-pvgis-era5-pv_fixed-tilt1a0-2014-2023/tmy-v1,true,"",,,,"",,,,,0.1.0
83689dfffffffff,-1.2027,116.2111,ready,11.3710,62.0880,11.3710,11.3708,62.0879,-0.000239,-0.000078,0.1411,0.0315,4.7106,0.0000,0.0000,5.9023,0.0000,0.7533,0.0045,0.0000,33.2410,0.0000,25.5778,0.0000,3.2646,0.0045,0.9658,0.9994,0.2725,0.0629,2386.7,550.8,4392.0,3839.0,0,0,0.0342,0.0006,75.65,552.45,78.34,552.78,pvgis-seriescalc,pvgis-5.3-pvgis-era5-pv_fixed-tilt1a180-2014-2023/tmy-v1,true,"",open-meteo,om-era5-2015-2024-hub120-iec-class-III-5.6MW-airdensity/tmy-v1,true,"",,,,,0.1.0
838cb3fffffffff,-1.0666,109.5905,ready,10.7020,33.1050,10.7020,10.7018,33.1053,-0.000248,0.000348,0.1561,0.0599,4.4334,0.0000,0.0000,5.5549,0.0000,0.7090,0.0045,0.0000,17.7230,0.0000,13.6372,0.0000,1.7406,0.0045,0.9272,0.9841,0.2895,0.1179,2536.0,1033.0,4374.0,4433.0,0,0,0.0728,0.0159,68.36,290.03,73.72,294.73,pvgis-seriescalc,pvgis-5.3-pvgis-era5-pv_fixed-tilt1a180-2014-2023/tmy-v1,true,"",open-meteo,om-era5-2015-2024-hub120-iec-class-III-5.6MW-airdensity/tmy-v1,true,"",,,,,0.1.0
83956afffffffff,-3.1608,128.6321,ready,11.6130,26.7590,11.6130,11.6130,26.7586,0.000025,-0.000398,0.1386,0.0773,4.8110,0.0000,0.0000,6.0281,0.0000,0.7694,0.0045,0.0000,14.3248,0.0000,11.0224,0.0000,1.4069,0.0045,0.9621,0.9439,0.2668,0.1459,2336.9,1278.0,4309.0,4259.0,0,0,0.0379,0.0561,76.97,224.86,80.01,238.21,pvgis-seriescalc,pvgis-5.3-pvgis-era5-pv_fixed-tilt3a180-2014-2023/tmy-v1,true,"",open-meteo,om-era5-2015-2024-hub120-iec-class-III-5.6MW-airdensity/tmy-v1,true,"",,,,,0.1.0
83956bfffffffff,-2.9845,129.7603,ready,11.4140,79.9830,11.4140,11.4143,79.9835,0.000263,0.000493,0.1410,0.0250,4.7287,0.0000,0.0000,5.9249,0.0000,0.7562,0.0045,0.0000,42.8227,0.0000,32.9506,0.0000,4.2057,0.0045,0.9627,0.9771,0.2714,0.0488,2377.6,427.5,4345.0,1888.0,0,0,0.0373,0.0229,75.71,695.82,78.64,712.12,pvgis-seriescalc,pvgis-5.3-pvgis-era5-pv_fixed-tilt3a180-2014-2023/tmy-v1,true,"",open-meteo,om-era5-2015-2024-hub120-iec-class-III-5.6MW-airdensity/tmy-v1,true,"",,,,,0.1.0
839544fffffffff,-3.5059,126.4000,ready,10.6510,,10.6510,10.6513,,0.000314,,0.1555,,4.4125,0.0000,0.0000,5.5287,0.0000,0.7057,0.0045,,,,,,,,0.9354,,0.2909,,2548.0,,4326.0,,0,,0.0646,,68.64,,73.38,,pvgis-seriescalc,pvgis-5.3-pvgis-era5-pv_fixed-tilt4a180-2014-2023/tmy-v1,true,"",,,,"",,,,,0.1.0
837390fffffffff,0.7820,127.9387,ready,10.4190,20.0330,10.4190,10.4194,20.0332,0.000439,0.000218,0.1642,0.1040,4.2499,0.0000,0.0000,5.3250,0.1604,0.6797,0.0045,0.0000,10.7239,0.0000,8.2516,0.0000,1.0532,0.0045,0.9160,0.9370,0.3008,0.1949,2634.7,1707.2,4377.0,6303.0,1,0,0.0840,0.0630,65.00,167.09,70.96,178.33,pvgis-seriescalc,pvgis-5.3-pvgis-era5-pv_fixed-tilt1a0-2014-2023/tmy-v1,true,"",nasa-power,nasa-power-2015-2024-hub120-generic-5.6MW/tmy-v1,true,"",,,,,0.1.0
83952cfffffffff,-2.4189,120.6501,ready,11.1670,,11.1670,11.1667,,-0.000341,,0.1483,,4.6260,0.0000,0.0000,5.7963,0.0000,0.7398,0.0045,,,,,,,,0.9351,,0.2774,,2430.3,,4378.0,,0,,0.0649,,71.94,,76.93,,pvgis-seriescalc,pvgis-5.3-pvgis-era5-pv_fixed-tilt2a180-2014-2023/tmy-v1,true,"",,,,"",,,,,0.1.0
8368c8fffffffff,1.2900,124.9781,ready,9.9510,24.0390,9.9510,9.9507,24.0388,-0.000303,-0.000207,0.1748,0.0909,4.0586,0.0000,0.0000,5.0853,0.1532,0.6491,0.0045,0.0000,12.8686,0.0000,9.9019,0.0000,1.2638,0.0045,0.9010,0.8934,0.3149,0.1624,2758.9,1422.7,4367.0,4304.0,1,0,0.0990,0.1066,61.06,191.19,67.77,214.00,pvgis-seriescalc,pvgis-5.3-pvgis-era5-pv_fixed-tilt1a0-2014-2023/tmy-v1,true,"",open-meteo,om-era5-2015-2024-hub120-iec-class-III-5.6MW-airdensity/tmy-v1,true,"",,,,,0.1.0
83950dfffffffff,-5.0354,122.7598,ready,10.1720,22.5320,10.1720,10.1722,22.5319,0.000218,-0.000147,0.1664,0.0887,4.1490,0.0000,0.0000,5.1986,0.1566,0.6635,0.0045,0.0000,12.0617,0.0000,9.2811,0.0000,1.1846,0.0045,0.9257,0.9762,0.3081,0.1733,2698.8,1517.8,4422.0,5077.0,1,0,0.0743,0.0238,64.13,195.80,69.28,200.58,pvgis-seriescalc,pvgis-5.3-pvgis-era5-pv_fixed-tilt5a180-2014-2023/tmy-v1,true,"",open-meteo,om-era5-2015-2024-hub120-iec-class-III-5.6MW-airdensity/tmy-v1,true,"",,,,,0.1.0
8368d3fffffffff,-1.3798,121.0045,ready,10.7930,,10.7930,10.7932,,0.000214,,0.1531,,4.4713,0.0000,0.0000,5.6024,0.0000,0.7151,0.0045,,,,,,,,0.9374,,0.2870,,2514.5,,4379.0,,0,,0.0626,,69.70,,74.36,,pvgis-seriescalc,pvgis-5.3-pvgis-era5-pv_fixed-tilt1a180-2014-2023/tmy-v1,true,"",,,,"",,,,,0.1.0
83952dfffffffff,-2.2515,121.7077,ready,10.9490,,10.9490,10.9488,,-0.000179,,0.1483,,4.5358,0.0000,0.0000,5.6832,0.0000,0.7254,0.0045,,,,,,,,0.9537,,0.2830,,2478.7,,4379.0,,0,,0.0463,,71.94,,75.43,,pvgis-seriescalc,pvgis-5.3-pvgis-era5-pv_fixed-tilt2a180-2014-2023/tmy-v1,true,"",,,,"",,,,,0.1.0
8368c2fffffffff,0.7221,121.7206,ready,10.1770,90.3920,10.1770,10.1774,90.3918,0.000404,-0.000190,0.1699,0.0216,4.1511,0.0000,0.0000,5.2012,0.1567,0.6639,0.0045,0.0000,48.3956,0.0000,37.2387,0.0000,4.7530,0.0045,0.9063,1.0000,0.3079,0.0432,2697.4,378.3,4380.0,3830.0,1,0,0.0937,0.0000,62.82,804.80,69.31,804.80,pvgis-seriescalc,pvgis-5.3-pvgis-era5-pv_fixed-tilt1a0-2014-2023/tmy-v1,true,"",nasa-power,nasa-power-2015-2024-hub120-generic-5.6MW/tmy-v1,true,"",,,,,0.1.0
8368defffffffff,-1.2053,122.0677,ready,11.3130,85.0040,11.3130,11.3135,85.0041,0.000472,0.000075,0.1440,0.0230,4.6869,0.0000,0.0000,5.8725,0.0000,0.7495,0.0045,0.0000,45.5109,0.0000,35.0190,0.0000,4.4697,0.0045,0.9508,0.9972,0.2738,0.0459,2398.8,402.3,4374.0,3304.0,0,0,0.0492,0.0028,74.10,754.73,77.94,756.82,pvgis-seriescalc,pvgis-5.3-pvgis-era5-pv_fixed-tilt1a180-2014-2023/tmy-v1,true,"",open-meteo,om-era5-2015-2024-hub120-iec-class-III-5.6MW-airdensity/tmy-v1,true,"",,,,,0.1.0
839500fffffffff,-5.4812,119.6014,ready,10.3250,12.6120,10.0580,10.3253,12.6118,0.000267,-0.000152,0.1631,0.1863,4.2773,0.0000,0.0000,5.3594,0.0000,0.6840,0.0045,0.0000,6.6675,0.0000,5.1304,0.1545,0.6548,0.0045,0.9200,0.8378,0.3001,0.3122,2628.5,2734.6,4379.0,6182.0,0,1,0.0800,0.1622,65.44,93.27,71.13,111.33,pvgis-seriescalc,pvgis-5.3-pvgis-era5-pv_fixed-tilt5a180-2014-2023/tmy-v1,true,"",open-meteo,om-era5-2015-2024-hub120-iec-class-III-5.6MW-airdensity/tmy-v1,true,"",,,,,0.1.0
83952efffffffff,-3.4494,120.2981,ready,10.4680,95.7150,10.4680,10.4682,95.7146,0.000194,-0.000408,0.1584,0.0204,4.3366,0.0000,0.0000,5.4336,0.0000,0.6935,0.0045,0.0000,51.2455,0.0000,39.4317,0.0000,5.0329,0.0045,0.9343,0.9996,0.2960,0.0408,2592.6,357.3,4379.0,4127.0,0,0,0.0657,0.0004,67.38,851.82,72.12,852.19,pvgis-seriescalc,pvgis-5.3-pvgis-era5-pv_fixed-tilt3a180-2014-2023/tmy-v1,true,"",nasa-power,nasa-power-2015-2024-hub120-generic-5.6MW/tmy-v1,true,"",,,,,0.1.0
8368d8fffffffff,-1.0284,123.1429,ready,9.9320,48.1790,9.9320,9.9320,48.1785,0.000012,-0.000461,0.1753,0.0424,4.0510,0.0000,0.0000,5.0758,0.1529,0.6479,0.0045,0.0000,25.7936,0.0000,19.8473,0.0000,2.5332,0.0045,0.9000,0.9544,0.3155,0.0810,2764.1,709.8,4388.0,3317.0,1,0,0.1000,0.0456,60.87,409.39,67.64,428.93,pvgis-seriescalc,pvgis-5.3-pvgis-era5-pv_fixed-tilt1a180-2014-2023/tmy-v1,true,"",open-meteo,om-era5-2015-2024-hub120-iec-class-III-5.6MW-airdensity/tmy-v1,true,"",,,,,0.1.0
83952bfffffffff,-4.1616,122.0533,ready,10.2910,,10.2910,10.2908,,-0.000223,,0.1638,,4.1974,0.0000,0.0000,5.2592,0.1584,0.6713,0.0045,,,,,,,,0.9293,,0.3045,,2667.7,,4378.0,,1,,0.0707,,65.13,,70.08,,pvgis-seriescalc,pvgis-5.3-pvgis-era5-pv_fixed-tilt4a180-2014-2023/tmy-v1,true,"",,,,"",,,,,0.1.0
8368d5fffffffff,0.5363,120.6583,ready,10.2060,,10.2060,10.2057,,-0.000254,,0.1666,,4.1627,0.0000,0.0000,5.2157,0.1571,0.6657,0.0045,,,,,,,,0.9218,,0.3071,,2689.9,,4379.0,,1,,0.0782,,64.07,,69.51,,pvgis-seriescalc,pvgis-5.3-pvgis-era5-pv_fixed-tilt1a0-2014-2023/tmy-v1,true,"",,,,"",,,,,0.1.0
839528fffffffff,-3.2892,121.3500,ready,10.9410,,10.9410,10.9412,,0.000167,,0.1523,,4.5326,0.0000,0.0000,5.6792,0.0000,0.7249,0.0045,,,,,,,,0.9295,,0.2832,,2480.5,,4377.0,,0,,0.0705,,70.06,,75.37,,pvgis-seriescalc,pvgis-5.3-pvgis-era5-pv_fixed-tilt3a180-2014-2023/tmy-v1,true,"",,,,"",,,,,0.1.0
839505fffffffff,-4.4703,119.9486,ready,10.1990,41.1470,10.1990,10.1992,41.1468,0.000221,-0.000194,0.1674,0.0480,4.1600,0.0000,0.0000,5.2124,0.1570,0.6653,0.0045,0.0000,22.0286,0.0000,16.9502,0.0000,2.1635,0.0045,0.9178,0.9874,0.3073,0.0949,2691.6,831.1,4380.0,3923.0,1,0,0.0822,0.0126,63.75,361.71,69.46,366.33,pvgis-seriescalc,pvgis-5.3-pvgis-era5-pv_fixed-tilt4a180-2014-2023/tmy-v1,true,"",open-meteo,om-era5-2015-2024-hub120-iec-class-III-5.6MW-airdensity/tmy-v1,true,"",,,,,0.1.0
839521fffffffff,-2.5835,119.6051,ready,11.3400,,11.3400,11.3404,,0.000420,,0.1452,,4.6981,0.0000,0.0000,5.8865,0.0000,0.7513,0.0045,,,,,,,,0.9410,,0.2732,,2393.1,,4377.0,,0,,0.0590,,73.52,,78.13,,pvgis-seriescalc,pvgis-5.3-pvgis-era5-pv_fixed-tilt3a180-2014-2023/tmy-v1,true,"",,,,"",,,,,0.1.0
8368d2fffffffff,-1.5517,119.9537,ready,11.2790,,11.2790,11.2790,,-0.000026,,0.1449,,4.6726,0.0000,0.0000,5.8546,0.0000,0.7473,0.0045,,,,,,,,0.9480,,0.2747,,2406.1,,4379.0,,0,,0.0520,,73.67,,77.70,,pvgis-seriescalc,pvgis-5.3-pvgis-era5-pv_fixed-tilt2a180-2014-2023/tmy-v1,true,"",,,,"",,,,,0.1.0
839513fffffffff,-8.4479,118.5747,ready,9.3360,63.8920,9.3360,9.3357,63.8915,-0.000256,-0.000489,0.1893,0.0312,3.8030,0.0000,0.0000,4.7650,0.1550,0.6082,0.0045,0.0000,34.2067,0.0000,26.3208,0.0000,3.3595,0.0045,0.8844,0.9788,0.3348,0.0611,2932.8,535.2,4379.0,3131.0,1,0,0.1156,0.0212,56.38,556.80,63.75,568.84,pvgis-seriescalc,pvgis-5.3-pvgis-era5-pv_fixed-tilt8a180-2014-2023/tmy-v1,true,"",open-meteo,om-era5-2015-2024-hub120-iec-class-III-5.6MW-airdensity/tmy-v1,true,"",,,,,0.1.0
839512fffffffff,-8.5648,117.5647,ready,9.7290,25.5290,9.7290,9.7285,25.5287,-0.000498,-0.000260,0.1765,0.0842,3.9631,0.0000,0.0000,4.9656,0.1615,0.6338,0.0045,0.0000,13.6663,0.0000,10.5157,0.0000,1.3422,0.0045,0.9099,0.9086,0.3213,0.1529,2814.3,1339.6,4417.0,4357.0,1,0,0.0901,0.0914,60.45,206.49,66.43,227.26,pvgis-seriescalc,pvgis-5.3-pvgis-era5-pv_fixed-tilt9a180-2014-2023/tmy-v1,true,"",open-meteo,om-era5-2015-2024-hub120-iec-class-III-5.6MW-airdensity/tmy-v1,true,"",,,,,0.1.0
838d81fffffffff,-7.1935,111.5091,ready,10.1750,19.2100,10.1750,10.1747,19.2096,-0.000337,-0.000443,0.1687,0.1217,4.1500,0.0000,0.0000,5.1998,0.1566,0.6637,0.0045,0.0000,10.2829,0.0000,7.9123,0.0000,1.0099,0.0045,0.9129,0.8348,0.3080,0.2032,2698.1,1780.4,4297.0,4772.0,1,0,0.0871,0.1652,63.26,142.75,69.29,171.00,pvgis-seriescalc,pvgis-5.3-pvgis-era5-pv_fixed-tilt7a180-2014-2023/tmy-v1,true,"",open-meteo,om-era5-2015-2024-hub120-iec-class-III-5.6MW-airdensity/tmy-v1,true,"",,,,,0.1.0
838da2fffffffff,-8.2909,113.9251,ready,9.8100,13.6620,9.4970,9.8101,13.6616,0.000055,-0.000437,0.1748,0.1916,3.9963,0.0000,0.0000,5.0073,0.1629,0.6391,0.0045,0.0000,7.3123,0.0000,5.6266,0.0000,0.7182,0.0045,0.9114,0.7459,0.3186,0.2858,2790.9,2503.7,4279.0,5006.0,1,0,0.0886,0.2541,61.05,90.70,66.99,121.60,pvgis-seriescalc,pvgis-5.3-pvgis-era5-pv_fixed-tilt8a180-2014-2023/tmy-v1,true,"",open-meteo,om-era5-2015-2024-hub120-iec-class-III-5.6MW-airdensity/tmy-v1,true,"",,,,,0.1.0
838c14fffffffff,-7.3704,107.6287,ready,10.6410,96.6540,10.6410,10.6407,96.6539,-0.000277,-0.000051,0.1565,0.0207,4.4081,0.0000,0.0000,5.5232,0.0000,0.7050,0.0045,0.0000,51.7485,0.0000,39.8187,0.0000,5.0823,0.0045,0.9303,0.9757,0.2912,0.0404,2550.5,353.8,4418.0,1937.0,0,0,0.0697,0.0243,68.20,839.61,73.30,860.55,pvgis-seriescalc,pvgis-5.3-pvgis-era5-pv_fixed-tilt7a180-2014-2023/tmy-v1,true,"",open-meteo,om-era5-2015-2024-hub120-iec-class-III-5.6MW-airdensity/tmy-v1,true,"",,,,,0.1.0
838d85fffffffff,-7.9007,112.2151,ready,10.6750,11.5470,9.4700,10.6747,11.5471,-0.000278,0.000063,0.1560,0.2210,4.4222,0.0000,0.0000,5.5408,0.0000,0.7072,0.0045,0.0000,6.0920,0.0000,4.6876,0.1647,0.5983,0.0045,0.9302,0.7672,0.2902,0.3390,2542.4,2970.0,4257.0,5625.0,0,1,0.0698,0.2328,68.41,78.65,73.54,102.51,pvgis-seriescalc,pvgis-5.3-pvgis-era5-pv_fixed-tilt8a180-2014-2023/tmy-v1,true,"",open-meteo,om-era5-2015-2024-hub120-iec-class-III-5.6MW-airdensity/tmy-v1,true,"",,,,,0.1.0
838d8efffffffff,-6.4747,110.7949,ready,9.7420,18.3090,9.7420,9.7418,18.3092,-0.000239,0.000157,0.1798,0.1251,3.9685,0.0000,0.0000,4.9724,0.1618,0.6347,0.0045,0.0000,9.8008,0.0000,7.5413,0.0000,0.9625,0.0045,0.8921,0.8520,0.3208,0.2132,2810.5,1868.0,4346.0,5026.0,1,0,0.1079,0.1480,59.34,138.85,66.52,162.98,pvgis-seriescalc,pvgis-5.3-pvgis-era5-pv_fixed-tilt6a180-2014-2023/tmy-v1,true,"",open-meteo,om-era5-2015-2024-hub120-iec-class-III-5.6MW-airdensity/tmy-v1,true,"",,,,,0.1.0
838d89fffffffff,-7.0726,108.6912,ready,10.8140,27.5590,10.8140,10.8137,27.5590,-0.000309,-0.000021,0.1513,0.0770,4.4798,0.0000,0.0000,5.6130,0.0000,0.7164,0.0045,0.0000,14.7533,0.0000,11.3522,0.0000,1.4489,0.0045,0.9470,0.9193,0.2865,0.1417,2509.7,1240.9,4437.0,3498.0,0,0,0.0530,0.0807,70.54,225.55,74.50,245.34,pvgis-seriescalc,pvgis-5.3-pvgis-era5-pv_fixed-tilt7a180-2014-2023/tmy-v1,true,"",open-meteo,om-era5-2015-2024-hub120-iec-class-III-5.6MW-airdensity/tmy-v1,true,"",,,,,0.1.0
838d8cfffffffff,-7.4944,110.4697,ready,10.5520,23.8450,10.5520,10.5520,23.8449,0.000019,-0.000070,0.1589,0.0824,4.3713,0.0000,0.0000,5.4771,0.0000,0.6991,0.0045,0.0000,12.7648,0.0000,9.8220,0.0000,1.2536,0.0045,0.9239,0.9929,0.2936,0.1637,2572.0,1434.2,4350.0,6472.0,0,0,0.0761,0.0071,67.16,210.77,72.69,212.27,pvgis-seriescalc,pvgis-5.3-pvgis-era5-pv_fixed-tilt7a180-2014-2023/tmy-v1,true,"",nasa-power,nasa-power-2015-2024-hub120-generic-5.6MW/tmy-v1,true,"",,,,,0.1.0
838daafffffffff,-8.2034,111.1845,ready,10.6100,20.1560,10.6100,10.6095,20.1561,-0.000469,0.000125,0.1574,0.1044,4.3951,0.0000,0.0000,5.5070,0.0000,0.7029,0.0045,0.0000,10.7897,0.0000,8.3023,0.0000,1.0597,0.0045,0.9274,0.9280,0.2920,0.1937,2558.0,1696.8,4301.0,5178.0,0,0,0.0726,0.0720,67.78,166.51,73.09,179.43,pvgis-seriescalc,pvgis-5.3-pvgis-era5-pv_fixed-tilt8a180-2014-2023/tmy-v1,true,"",open-meteo,om-era5-2015-2024-hub120-iec-class-III-5.6MW-airdensity/tmy-v1,true,"",,,,,0.1.0
838c10fffffffff,-6.6358,106.8822,ready,10.7550,78.7660,10.7550,10.7545,78.7655,-0.000471,-0.000478,0.1547,0.0308,4.4552,0.0000,0.0000,5.5823,0.0000,0.7125,0.0045,0.0000,42.1706,0.0000,32.4488,0.0000,4.1416,0.0045,0.9313,0.8045,0.2881,0.0496,2523.5,434.1,4402.0,1530.0,0,0,0.0687,0.1955,69.00,564.14,74.09,701.28,pvgis-seriescalc,pvgis-5.3-pvgis-era5-pv_fixed-tilt7a180-2014-2023/tmy-v1,true,"",open-meteo,om-era5-2015-2024-hub120-iec-class-III-5.6MW-airdensity/tmy-v1,true,"",,,,,0.1.0
838c16fffffffff,-6.3393,107.9523,ready,10.2670,18.5930,10.2670,10.2672,18.5928,0.000216,-0.000211,0.1668,0.1198,4.1878,0.0000,0.0000,5.2472,0.1581,0.6697,0.0045,0.0000,9.9526,0.0000,7.6582,0.0000,0.9775,0.0045,0.9148,0.8761,0.3052,0.2100,2673.8,1839.5,4431.0,5129.0,1,0,0.0852,0.1239,63.97,145.01,69.92,165.51,pvgis-seriescalc,pvgis-5.3-pvgis-era5-pv_fixed-tilt6a180-2014-2023/tmy-v1,true,"",open-meteo,om-era5-2015-2024-hub120-iec-class-III-5.6MW-airdensity/tmy-v1,true,"",,,,,0.1.0
838cabfffffffff,-3.3030,104.9218,ready,10.9430,31.0790,10.9430,10.9425,31.0785,-0.000456,-0.000471,0.1481,0.0640,4.5332,0.0000,0.0000,5.6799,0.0000,0.7250,0.0045,0.0000,16.6378,0.0000,12.8022,0.0000,1.6340,0.0045,0.9560,0.9820,0.2831,0.1256,2480.1,1100.4,4379.0,4970.0,0,0,0.0440,0.0180,72.06,271.71,75.38,276.68,pvgis-seriescalc,pvgis-5.3-pvgis-era5-pv_fixed-tilt3a180-2014-2023/tmy-v1,true,"",open-meteo,om-era5-2015-2024-hub120-iec-class-III-5.6MW-airdensity/tmy-v1,true,"",,,,,0.1.0
838cf6fffffffff,-3.5955,103.8240,ready,10.5900,36.5870,10.5900,10.5904,36.5869,0.000390,-0.000070,0.1553,0.0543,4.3872,0.0000,0.0000,5.4971,0.0000,0.7016,0.0045,0.0000,19.5871,0.0000,15.0716,0.0000,1.9237,0.0045,0.9420,0.9822,0.2925,0.1067,2562.6,934.7,4376.0,4208.0,0,0,0.0580,0.0178,68.73,319.94,72.96,325.72,pvgis-seriescalc,pvgis-5.3-pvgis-era5-pv_fixed-tilt4a180-2014-2023/tmy-v1,true,"",open-meteo,om-era5-2015-2024-hub120-iec-class-III-5.6MW-airdensity/tmy-v1,true,"",,,,,0.1.0
838cd3fffffffff,-0.4177,100.6595,ready,11.7940,,11.7940,11.7944,,0.000359,,0.1364,,4.8862,0.0000,0.0000,6.1223,0.0000,0.7814,0.0045,,,,,,,,0.9625,,0.2627,,2300.9,,4361.0,,0,,0.0375,,78.21,,81.25,,pvgis-seriescalc,pvgis-5.3-pvgis-era5-pv_fixed-tilt0a180-2014-2023/tmy-v1,true,"",,,,"",,,,,0.1.0
838cf2fffffffff,-2.8125,103.0423,ready,10.5730,86.4110,10.5730,10.5732,86.4111,0.000250,0.000139,0.1543,0.0226,4.3801,0.0000,0.0000,5.4882,0.0000,0.7005,0.0045,0.0000,46.2642,0.0000,35.5987,0.0000,4.5437,0.0045,0.9496,0.9995,0.2930,0.0452,2566.8,395.7,4379.0,2992.0,0,0,0.0504,0.0005,69.17,768.98,72.84,769.35,pvgis-seriescalc,pvgis-5.3-pvgis-era5-pv_fixed-tilt3a180-2014-2023/tmy-v1,true,"",open-meteo,om-era5-2015-2024-hub120-iec-class-III-5.6MW-airdensity/tmy-v1,true,"",,,,,0.1.0
838c1afffffffff,-5.4284,104.2778,ready,10.5840,27.6760,10.5840,10.5843,27.6762,0.000271,0.000194,0.1558,0.0753,4.3847,0.0000,0.0000,5.4939,0.0000,0.7012,0.0045,0.0000,14.8161,0.0000,11.4005,0.0000,1.4551,0.0045,0.9396,0.9363,0.2927,0.1411,2564.1,1235.6,4377.0,4928.0,0,0,0.0604,0.0637,68.51,230.68,72.92,246.38,pvgis-seriescalc,pvgis-5.3-pvgis-era5-pv_fixed-tilt5a180-2014-2023/tmy-v1,true,"",open-meteo,om-era5-2015-2024-hub120-iec-class-III-5.6MW-airdensity/tmy-v1,true,"",,,,,0.1.0
83650dfffffffff,3.1519,98.5394,ready,11.4200,29.4780,11.4200,11.4202,29.4776,0.000198,-0.000377,0.1426,0.0770,4.7311,0.0000,0.0000,5.9280,0.0000,0.7566,0.0045,0.0000,15.7806,0.0000,12.1427,0.0000,1.5498,0.0045,0.9513,0.8596,0.2713,0.1324,2376.4,1160.1,4423.0,3570.0,0,0,0.0487,0.1404,74.85,225.58,78.68,262.42,pvgis-seriescalc,pvgis-5.3-pvgis-era5-pv_fixed-tilt3a0-2014-2023/tmy-v1,true,"",open-meteo,om-era5-2015-2024-hub120-iec-class-III-5.6MW-airdensity/tmy-v1,true,"",,,,,0.1.0
83652cfffffffff,0.6862,100.9782,ready,11.2100,,11.2100,11.2105,,0.000471,,0.1441,,4.6442,0.0000,0.0000,5.8191,0.0000,0.7427,0.0045,,,,,,,,0.9589,,0.2764,,2420.8,,4341.0,,0,,0.0411,,74.06,,77.23,,pvgis-seriescalc,pvgis-5.3-pvgis-era5-pv_fixed-tilt1a0-2014-2023/tmy-v1,true,"",,,,"",,,,,0.1.0
838c8dfffffffff,-2.5204,104.1462,ready,10.7880,51.6930,10.7880,10.7883,51.6934,0.000348,0.000353,0.1508,0.0379,4.4693,0.0000,0.0000,5.5999,0.0000,0.7147,0.0045,0.0000,27.6755,0.0000,21.2953,0.0000,2.7180,0.0045,0.9521,0.9971,0.2872,0.0755,2515.6,661.5,4377.0,4297.0,0,0,0.0479,0.0029,70.76,458.92,74.32,460.23,pvgis-seriescalc,pvgis-5.3-pvgis-era5-pv_fixed-tilt3a180-2014-2023/tmy-v1,true,"",open-meteo,om-era5-2015-2024-hub120-iec-class-III-5.6MW-airdensity/tmy-v1,true,"",,,,,0.1.0
836509fffffffff,3.9812,97.7159,ready,11.5530,,11.5530,11.5534,,0.000410,,0.1412,,4.7863,0.0000,0.0000,5.9971,0.0000,0.7654,0.0045,,,,,,,,0.9496,,0.2681,,2349.0,,4458.0,,0,,0.0504,,75.58,,79.59,,pvgis-seriescalc,pvgis-5.3-pvgis-era5-pv_fixed-tilt4a0-2014-2023/tmy-v1,true,"",,,,"",13.0430,11.3610,2.50,1.000,0.1.0
836528fffffffff,1.5036,100.1708,ready,11.1200,55.1010,11.1200,11.1199,55.1012,-0.000076,0.000185,0.1450,0.0374,4.6067,0.0000,0.0000,5.7720,0.0000,0.7367,0.0045,0.0000,29.5001,0.0000,22.6993,0.0000,2.8972,0.0045,0.9604,0.9479,0.2786,0.0708,2440.6,620.6,4346.0,3232.0,0,0,0.0396,0.0521,73.58,465.03,76.61,490.57,pvgis-seriescalc,pvgis-5.3-pvgis-era5-pv_fixed-tilt2a0-2014-2023/tmy-v1,true,"",open-meteo,om-era5-2015-2024-hub120-iec-class-III-5.6MW-airdensity/tmy-v1,true,"",,,,,0.1.0
838c89fffffffff,-1.7296,103.3639,ready,11.0190,45.6350,11.0190,11.0192,45.6350,0.000171,-0.000020,0.1473,0.0429,4.5649,0.0000,0.0000,5.7197,0.0000,0.7300,0.0045,0.0000,24.4317,0.0000,18.7993,0.0000,2.3995,0.0045,0.9545,0.9977,0.2812,0.0855,2462.9,749.3,4378.0,4413.0,0,0,0.0455,0.0023,72.46,405.36,75.91,406.29,pvgis-seriescalc,pvgis-5.3-pvgis-era5-pv_fixed-tilt2a180-2014-2023/tmy-v1,true,"",open-meteo,om-era5-2015-2024-hub120-iec-class-III-5.6MW-airdensity/tmy-v1,true,"",,,,,0.1.0
838cd4fffffffff,-2.0214,102.2542,ready,10.7150,62.4640,10.7150,10.7148,62.4639,-0.000163,-0.000109,0.1514,0.0313,4.4388,0.0000,0.0000,5.5617,0.0000,0.7099,0.0045,0.0000,33.4423,0.0000,25.7327,0.0000,3.2844,0.0045,0.9547,0.9995,0.2891,0.0625,2532.9,547.4,4377.0,4687.0,0,0,0.0453,0.0005,70.47,555.86,73.81,556.13,pvgis-seriescalc,pvgis-5.3-pvgis-era5-pv_fixed-tilt2a180-2014-2023/tmy-v1,true,"",nasa-power,nasa-power-2015-2024-hub120-generic-5.6MW/tmy-v1,true,"",,,,,0.1.0
838ca8fffffffff,-4.0766,105.6903,ready,10.3270,24.5220,10.3270,10.3265,24.5223,-0.000459,0.000263,0.1591,0.0810,4.2779,0.0000,0.0000,5.3600,0.0000,0.6841,0.0045,0.0000,13.1274,0.0000,10.1011,0.0000,1.2893,0.0045,0.9431,0.9824,0.3000,0.1592,2628.1,1394.6,4379.0,5586.0,0,0,0.0569,0.0176,67.09,214.45,71.14,218.30,pvgis-seriescalc,pvgis-5.3-pvgis-era5-pv_fixed-tilt4a180-2014-2023/tmy-v1,true,"",open-meteo,om-era5-2015-2024-hub120-iec-class-III-5.6MW-airdensity/tmy-v1,true,"",,,,,0.1.0
838cf3fffffffff,-3.1043,101.9352,ready,11.0140,,11.0140,11.0137,,-0.000270,,0.1504,,4.5627,0.0000,0.0000,5.7169,0.0000,0.7297,0.0045,,,,,,,,0.9355,,0.2813,,2464.1,,4371.0,,0,,0.0645,,70.98,,75.87,,pvgis-seriescalc,pvgis-5.3-pvgis-era5-pv_fixed-tilt3a180-2014-2023/tmy-v1,true,"",,,,"",,,,,0.1.0
838cd0fffffffff,-1.2229,101.4598,ready,11.5400,,11.5400,11.5396,,-0.000371,,0.1393,,4.7806,0.0000,0.0000,5.9900,0.0000,0.7645,0.0045,,,,,,,,0.9638,,0.2685,,2351.8,,4364.0,,0,,0.0362,,76.62,,79.50,,pvgis-seriescalc,pvgis-5.3-pvgis-era5-pv_fixed-tilt1a180-2014-2023/tmy-v1,true,"",,,,"",,,,,0.1.0
83652dfffffffff,0.3936,99.8534,ready,11.5460,83.3960,11.5460,11.5461,83.3957,0.000110,-0.000308,0.1407,0.0248,4.7833,0.0000,0.0000,5.9933,0.0000,0.7650,0.0045,0.0000,44.6497,0.0000,34.3564,0.0000,4.3851,0.0045,0.9537,0.9423,0.2683,0.0468,2350.4,410.0,4357.0,2199.0,0,0,0.0463,0.0577,75.86,699.66,79.54,742.50,pvgis-seriescalc,pvgis-5.3-pvgis-era5-pv_fixed-tilt0a0-2014-2023/tmy-v1,true,"",open-meteo,om-era5-2015-2024-hub120-iec-class-III-5.6MW-airdensity/tmy-v1,true,"",,,,,0.1.0
838cadfffffffff,-5.1351,105.3672,ready,10.7400,32.8260,10.7400,10.7404,32.8259,0.000354,-0.000082,0.1514,0.0621,4.4494,0.0000,0.0000,5.5749,0.0000,0.7116,0.0045,0.0000,17.5734,0.0000,13.5221,0.0000,1.7259,0.0045,0.9524,0.9581,0.2885,0.1189,2526.8,1041.8,4379.0,4457.0,0,0,0.0476,0.0419,70.47,279.98,73.99,292.24,pvgis-seriescalc,pvgis-5.3-pvgis-era5-pv_fixed-tilt5a180-2014-2023/tmy-v1,true,"",open-meteo,om-era5-2015-2024-hub120-iec-class-III-5.6MW-airdensity/tmy-v1,true,"",,,,,0.1.0
836529fffffffff,1.2102,99.0418,ready,11.5460,63.2430,11.5460,11.5457,63.2426,-0.000299,-0.000386,0.1418,0.0309,4.7831,0.0000,0.0000,5.9931,0.0000,0.7649,0.0045,0.0000,33.8592,0.0000,26.0535,0.0000,3.3254,0.0045,0.9463,0.9974,0.2683,0.0617,2350.5,540.7,4364.0,4238.0,0,0,0.0537,0.0026,75.27,561.58,79.54,563.06,pvgis-seriescalc,pvgis-5.3-pvgis-era5-pv_fixed-tilt1a0-2014-2023/tmy-v1,true,"",nasa-power,nasa-power-2015-2024-hub120-generic-5.6MW/tmy-v1,true,"",,,,,0.1.0
8368b0fffffffff,0.5711,112.0523,ready,11.2990,,11.2990,11.2993,,0.000260,,0.1425,,4.6810,0.0000,0.0000,5.8652,0.0000,0.7486,0.0045,,,,,,,,0.9623,,0.2742,,2401.8,,4370.0,,0,,0.0377,,74.91,,77.84,,pvgis-seriescalc,pvgis-5.3-pvgis-era5-pv_fixed-tilt1a0-2014-2023/tmy-v1,true,"",,,,"",,,,,0.1.0
836898fffffffff,-2.2118,115.8841,ready,11.0640,32.3490,11.0640,11.0645,32.3495,0.000477,0.000499,0.1470,0.0636,4.5837,0.0000,0.0000,5.7432,0.0000,0.7330,0.0045,0.0000,17.3183,0.0000,13.3258,0.0000,1.7009,0.0045,0.9523,0.9490,0.2800,0.1207,2452.8,1057.1,4412.0,3825.0,0,0,0.0477,0.0510,72.59,273.32,76.22,288.00,pvgis-seriescalc,pvgis-5.3-pvgis-era5-pv_fixed-tilt2a180-2014-2023/tmy-v1,true,"",open-meteo,om-era5-2015-2024-hub120-iec-class-III-5.6MW-airdensity/tmy-v1,true,"",,,,,0.1.0
8368b1fffffffff,0.8497,113.1039,ready,11.6010,,11.6010,11.6014,,0.000380,,0.1387,,4.8062,0.0000,0.0000,6.0220,0.0000,0.7686,0.0045,,,,,,,,0.9627,,0.2670,,2339.2,,4356.0,,0,,0.0373,,76.94,,79.92,,pvgis-seriescalc,pvgis-5.3-pvgis-era5-pv_fixed-tilt1a0-2014-2023/tmy-v1,true,"",,,,"",,,,,0.1.0
83688cfffffffff,0.8403,116.8728,ready,11.0510,88.4650,11.0510,11.0508,88.4655,-0.000179,0.000487,0.1462,0.0221,4.5780,0.0000,0.0000,5.7361,0.0000,0.7321,0.0045,0.0000,47.3642,0.0000,36.4451,0.0000,4.6517,0.0045,0.9591,0.9998,0.2803,0.0441,2455.8,386.5,4376.0,2835.0,0,0,0.0409,0.0002,73.01,787.46,76.13,787.64,pvgis-seriescalc,pvgis-5.3-pvgis-era5-pv_fixed-tilt1a0-2014-2023/tmy-v1,true,"",open-meteo,om-era5-2015-2024-hub120-iec-class-III-5.6MW-airdensity/tmy-v1,true,"",,,,,0.1.0
